{"cameraMode":{"drawMode":0,"name":"Shaded","section":"Shading Mode"},"sceneLighting":false,"audioPlay":false,"sceneViewState":{"m_AlwaysRefresh":false,"showFog":true,"showSkybox":true,"showFlares":true,"showImageEffects":true,"showParticleSystems":true,"showVisualEffectGraphs":true,"m_FxEnabled":true},"in2DMode":false,"pivot":{"x":-11.230036735534668,"y":-0.8472514152526856,"z":-18.639385223388673},"rotation":{"x":0.26232555508613589,"y":-0.021709809079766275,"z":0.005903324577957392,"w":0.9647175669670105},"size":7.217947483062744,"orthographic":false}